first_name,last_name,job_title,department,email,address,phone_number,salary,password
Jonathan,Mcdonald,Civil Service administrator,Health promotion specialist,timothy11@example.net,New Sonia,+1-657-274-2065,17960,i9yKDPCG
Barbara,Woods,Ergonomist,Building services engineer,sethsmith@example.org,Aprilview,781.514.9408,35973,4wStAf0r
Eric,Williams,Clinical embryologist,Metallurgist,austin48@example.net,Angelaland,001-995-264-4543x0553,373,Zp1K2gDv
Stephanie,Townsend,Risk analyst,"Teacher, special educational needs",carterbarbara@example.org,South Keithburgh,855-795-5080x11344,6382,boQ0pwj0
Blake,Vazquez,Human resources officer,Drilling engineer,langsteven@example.net,Monicaton,(410)633-9484x3922,90062,7Jj35xXO
Katrina,Harvey,"Librarian, public",Clinical cytogeneticist,bowenthomas@example.net,Sanderstown,260.462.1749x9443,97010,K5tgtQYm
Jessica,Holmes,"Engineer, control and instrumentation","Administrator, Civil Service",uwaller@example.com,Catherineborough,+1-675-284-8989x79634,8865,nxRm938V
Charles,Johns,Scientific laboratory technician,Materials engineer,colemanscott@example.net,East Hannahberg,001-282-934-7376x548,51724,Z5wrSzAa
Phyllis,White,Marketing executive,Hotel manager,oharris@example.net,Deborahside,352.815.0608x094,14644,Ojzs6Ibz
Bryan,Lambert,Research scientist (medical),Technical sales engineer,rebeccaward@example.net,North Brianburgh,714-335-8067x40185,2232,ISay8sS5
Gregory,Smith,Maintenance engineer,Ergonomist,stephaniethomas@example.org,Ruizmouth,300-711-1021x889,82250,UthalpaV
James,Marks,"Geologist, engineering","Teacher, special educational needs",april55@example.com,Pamelaberg,+1-934-378-9241x294,65043,L6t8DDBa
Erica,Ray,"Engineer, electrical","Teacher, special educational needs",jpowers@example.com,Millerberg,(373)673-1705x5877,10376,ss8eyAAz
Amber,Salas,Chemical engineer,Marketing executive,jonesdarryl@example.org,Jamesport,810.965.5955,54300,ypmipFmo
Judith,Cummings,"Designer, textile","Accountant, chartered public finance",colin52@example.com,Annaberg,(429)951-7534x3785,37614,CyuWagIm
Jessica,Ford,Personnel officer,Systems analyst,zduncan@example.org,East Kylestad,4356379482,80866,Mb7crmoI
Nathan,Willis,"Administrator, sports",Patent examiner,etorres@example.org,Stephenshire,001-984-644-7634x177,80514,IPWM1ctu
Roberto,Smith,"Journalist, magazine",Corporate treasurer,daisybeck@example.net,Christopherburgh,939.753.1060x56234,66225,xa9RnkQ5
Amanda,Torres,Optometrist,Midwife,john67@example.com,Lake Robin,+1-940-528-6372x875,5279,MtF2OzgD
Karen,Woods,Museum education officer,"Editor, magazine features",hillfaith@example.org,Lake Alexanderport,+1-768-290-4841,28139,rAchoO4H
Melissa,Williams,Theatre stage manager,"Therapist, speech and language",justin54@example.net,Howardstad,590.989.9594x2523,95353,W29ykQEd
Jennifer,Stewart,Dietitian,Restaurant manager,djones@example.org,New Elizabethchester,001-597-459-3919x13001,81986,30JAiwnJ
William,Velazquez,"Restaurant manager, fast food",Food technologist,sandra16@example.com,North John,725.894.1728x47868,89674,8PrrBgP9
Paige,Elliott,"Radiographer, diagnostic",Systems analyst,tmoore@example.net,East Sarah,791-781-5736x45709,92764,5O0ijWIz
Ryan,Miller,Geophysical data processor,"Psychologist, occupational",breyes@example.com,Port Shannonberg,+1-521-562-2298,57752,0fvTxvmp
Jerry,Lee,Oncologist,"Surveyor, commercial/residential",sweeneylarry@example.com,Lisaborough,(659)353-5605x362,5406,QsLkeu5a
John,Morrison,Medical illustrator,"Buyer, retail",matthewswanson@example.com,East Jillianshire,(872)364-1846,70661,2sSFhrFe
Stephen,Armstrong,Hospital doctor,Paramedic,rhondajohnson@example.net,West John,001-774-628-4035,52751,oEems0gN
Molly,Butler,Speech and language therapist,Human resources officer,asmith@example.org,Christineborough,001-674-342-2367,64020,XNzVQgy8
Todd,Wolfe,"Designer, jewellery",Information officer,znelson@example.com,Port Andrew,001-786-759-7629,37859,oNBKsB5f
Frances,Bryan,Tourist information centre manager,Armed forces operational officer,michael31@example.org,Port Garymouth,+1-642-662-8489,23301,LkZ4Ugq9
Richard,Sullivan,Civil Service administrator,Restaurant manager,ereeves@example.com,Port Cody,224.271.8475,49711,lCO0yjtc
Joanna,Hill,Osteopath,"Buyer, industrial",clopez@example.net,North Kaylaside,001-425-462-9956x944,5617,VL9c65Bm
Lee,Shepherd,Advertising copywriter,Chartered legal executive (England and Wales),davidmoyer@example.org,Hendersonchester,(777)295-4815,76889,1ots94W7
Jacob,Le,Facilities manager,Research scientist (maths),hhouston@example.com,Villegasland,(930)300-5580x53161,60154,7gJLCFuX
Brett,Anderson,Airline pilot,Public affairs consultant,kylie35@example.net,Mcneilchester,(506)669-2403x2488,5630,b1nGZ814
Kyle,Johnson,Occupational psychologist,Financial planner,salazarjennifer@example.com,Port Cynthiamouth,+1-605-769-7245x027,6259,j5OU6nyn
Raymond,Butler,Geographical information systems officer,Passenger transport manager,houstonashley@example.org,Harrisview,+1-749-488-7631,65866,ReM7Rpqo
Sheila,Ryan,Market researcher,"Administrator, arts",websterdavid@example.net,New Jose,451.355.3417x469,45888,BaZ5xRa1
Brittany,Davila,Electrical engineer,Accounting technician,carmenbaker@example.com,Marialand,601.720.4177,99530,uezE5x7l
Andrew,Tate,Tour manager,"Teacher, early years/pre",thomastimothy@example.org,North Dustin,(351)229-5248,26075,iQXACVvm
Melanie,Rocha,"Therapist, occupational",Fish farm manager,fvelasquez@example.net,Port David,+1-608-622-8823x09532,93221,qmci7msR
Amy,Ortiz,Careers information officer,"Conservator, museum/gallery",wangmichael@example.net,Alexanderfurt,(465)395-9873x45598,26064,j9kH4fzU
Judith,Johnson,Haematologist,Health physicist,jonescarla@example.com,Kaufmanhaven,+1-367-555-0446x53979,18302,5UnewEwR
Chad,Hamilton,"Engineer, biomedical","Librarian, academic",priceronald@example.com,Port Leon,+1-398-220-6343x2265,13986,SI1JlGGg
Erin,Smith,"Teacher, English as a foreign language","Geologist, wellsite",anna35@example.net,Bryanshire,485.859.4032x74493,770,qJ1tYstq
Jane,Stark,"Designer, interior/spatial",Music therapist,imason@example.com,Lake Traci,448-207-8779,98157,A0tCnoJl
Victoria,Marshall,"Designer, interior/spatial",Multimedia programmer,john77@example.com,Shepardshire,301-642-4125,47788,Vo28UqGm
Christie,Macias,Air traffic controller,"Scientist, research (life sciences)",mccallmatthew@example.com,South Carlabury,237-303-8967x214,27514,98sJ0mvZ
Brian,Patel,General practice doctor,Microbiologist,katherine04@example.org,East Tyler,623.746.8445,66781,lt3SquRW
April,Nichols,"Optician, dispensing",Land,foxalbert@example.org,South Barbara,288.352.3275,23327,yYWHJnpr
Brian,Flores,Barrister,Water engineer,kristigonzalez@example.net,Johnton,(461)667-7498,84029,lKTMTNUp
Cynthia,Ruiz,Sports coach,Volunteer coordinator,romerotara@example.com,Ruizfurt,001-575-695-1295x256,67239,49WiDrmo
Emily,Mayo,Physiological scientist,Customer service manager,candicejordan@example.com,Lake Anthony,(626)907-8034,429,Fb4brCHI
Kenneth,Brown,Games developer,Chiropodist,jacksonrobert@example.com,North Louis,+1-549-374-0346,18487,o9i7WpuY
Natalie,Garcia,Video editor,Herbalist,ncarroll@example.org,New Michael,857.665.3942x206,21751,8ddC2UjM
Scott,Jackson,Tree surgeon,Social worker,juliemccoy@example.com,New Marc,724.520.5495x758,78280,MNpeVvCQ
Kelsey,Barton,Print production planner,Aeronautical engineer,wphillips@example.org,Holmesfurt,986-275-8502x83763,83336,yOhWNHrd
Annette,Branch,Clinical cytogeneticist,Broadcast engineer,edward53@example.net,Amyhaven,449-305-8838x30685,68749,QV1jECd1
Maria,Stewart,Pension scheme manager,Chief Operating Officer,ybentley@example.net,Schneidermouth,478-329-1700,21119,b5Hxwivb
Elizabeth,Humphrey,Production manager,Public relations account executive,kevin71@example.net,Port Curtis,001-446-713-2045x707,58624,5YegtpFP
Tracy,Watson,"Editor, film/video",Airline pilot,ortizcody@example.org,East Georgemouth,001-690-558-9587,76210,iCk2mMiE
Madison,Middleton,Mental health nurse,Actuary,rogersmelanie@example.org,East Juliechester,+1-434-759-8670x7693,61881,gvVIroT8
Tammy,Bowen,Quarry manager,Ecologist,victoria09@example.org,Jonesville,(810)469-1478,81601,WOGyWBFS
Stephanie,Clark,Ophthalmologist,"Development worker, international aid",donald85@example.org,South Nicholas,+1-523-529-4136,16190,AZuDSMz5
Carlos,Hanson,Barista,"Accountant, chartered",cookbethany@example.net,Lake Tiffanytown,5609723893,64338,f7sbyMTZ
Tyler,Jordan,Aeronautical engineer,Music therapist,bradleyfoley@example.org,Cruzshire,608-580-8688,28555,dNGZbJDx
Lynn,Rollins,Orthoptist,"Scientist, research (maths)",susankeller@example.net,Lake Duanebury,+1-415-422-5006,454,VyFpVskJ
Michael,Henderson,Market researcher,Technical sales engineer,joseph60@example.net,West Edward,561-609-0762,3640,Uy8GeWw0
Stacy,Hernandez,Television camera operator,Youth worker,gallegoschristopher@example.net,Tinachester,753-398-5910x10605,88911,kDmbraIi
Larry,Bennett,Automotive engineer,Science writer,qhudson@example.org,Hooverhaven,748.498.5093x97675,48521,OsodIuBa
Rachel,Smith,Commercial/residential surveyor,Radio broadcast assistant,melaniehill@example.net,Port Cheryl,+1-433-483-8365x043,16882,SUs2fQf1
Erik,Snyder,Hospital pharmacist,Drilling engineer,vwashington@example.com,Jasonbury,834.565.5379,76863,BbEen63a
Kevin,Allen,"Journalist, broadcasting",Research scientist (maths),vincentmyers@example.net,Port Devon,692-629-7083x23367,49610,baMNZ1fT
Michelle,Stokes,Land/geomatics surveyor,"Engineer, land",wagnerlisa@example.net,West Charles,(744)763-2174x07299,26897,6forIuN5
Alexis,Finley,Veterinary surgeon,Production manager,gregory35@example.org,South Jacqueline,385-643-1631,92345,7D1GmK4v
Nicole,Ward,"Therapist, music",Illustrator,brianstanley@example.org,Hallton,(817)273-8405,37600,Oh0cjAk4
Tamara,Schwartz,"Psychologist, occupational",Town planner,howellallison@example.org,East Ashley,(648)896-4231,6335,xMdbhWEb
Reginald,Rose,Clinical cytogeneticist,Acupuncturist,rossmichael@example.org,South Kevinchester,001-753-836-8243,57064,btEcm78t
Jacqueline,Mendoza,English as a foreign language teacher,Leisure centre manager,brandyjacobson@example.com,Williamport,(396)628-2879,90982,9J8uR7Pw
David,Valdez,Textile designer,Solicitor,michaelmitchell@example.com,East Jennifertown,215.508.3629x3069,5451,ZV4qFD5x
Glenda,Lopez,"Teacher, secondary school","Programmer, multimedia",sarahmejia@example.com,East Michael,852-365-4139x03779,69607,BxgWb0wU
Jason,Graham,"Surveyor, commercial/residential",Land/geomatics surveyor,tiffany05@example.com,Lake Mary,+1-953-280-7227x357,1907,Rlb7qg3H
Derek,Buck,Brewing technologist,Medical physicist,turnerfelicia@example.org,Martinezview,001-958-776-3360x09763,14879,IuXydFmX
Matthew,Jimenez,Professor Emeritus,Social researcher,vcastaneda@example.org,South Christian,3618102706,91055,1Ipnelyy
Brent,Dalton,"Psychologist, prison and probation services",Chief Strategy Officer,joyce40@example.com,Rogerbury,6753779686,67076,XosyZjj7
Shawn,Wilson,"Administrator, education",Regulatory affairs officer,fischerbrandon@example.org,Port Mariahaven,001-843-420-9182x11848,49511,opUHLqB8
Paula,King,Museum education officer,Quarry manager,halljennifer@example.net,New Jason,001-606-751-1636x716,6961,S7XFwBxv
April,Higgins,"Engineer, materials",Retail merchandiser,brittany35@example.org,West James,+1-223-367-1304x78271,30889,7cqEjmf8
Derrick,Williams,Building surveyor,Hydrogeologist,wallacemarco@example.net,North Haileyfurt,299-349-1705x890,52591,E4XIogKg
Larry,Castaneda,Automotive engineer,Land/geomatics surveyor,mbishop@example.com,Richardton,(688)469-3115,67410,XG8Pq0BX
Katelyn,Cooper,Arts administrator,Art therapist,zmeyer@example.com,Stephanieshire,8534884361,9670,41e09Ck1
Lawrence,Miles,Music therapist,Dietitian,michael43@example.org,South Timothymouth,(411)601-7437x123,38287,2lzd2Rkx
Jason,Goodwin,Visual merchandiser,Quantity surveyor,monica09@example.org,South Joditon,857-841-5023,43570,OuIfE6MM
Stephanie,Cantrell,Water engineer,Research scientist (physical sciences),sarah61@example.com,Port Pamela,588-795-2638x595,7400,fZRcN8Oc
Madison,Johnson,Quantity surveyor,Ranger/warden,rebekah34@example.net,New Daniel,8933723013,14531,sAiBYQBR
Kathryn,Long,"Engineer, materials",Special educational needs teacher,sanchezamy@example.com,Dillonfurt,(502)457-7402,18410,VQZtkGMp
Rebecca,Reilly,Industrial/product designer,"Librarian, academic",evelyn56@example.com,New Jamestown,001-704-367-2097x60172,62224,bCUsnHG1
Crystal,Garcia,"Designer, graphic","Programmer, applications",gmejia@example.com,Knightbury,001-663-728-9448x90204,85851,0OK3kb0t
Larry,Lewis,Water quality scientist,Commissioning editor,spencertiffany@example.net,Millerview,+1-532-666-5821x8084,37938,PzP5V1xC
